player,age,season,team
Ace Bailey,19,2026,UNK
Brooks Barnhizer,23,2026,UNK
Joan Beringer,19,2026,UNK
Koby Brea,23,2026,UNK
Johni Broome,23,2026,UNK
Carter Bryant,20,2026,UNK
Dylan Cardwell,24,2026,UNK
Moussa Cisse,23,2026,UNK
Walter Clayton,22,2026,UNK
Nique Clifford,23,2026,UNK
Javonte Cooke,26,2026,UNK
Cedric Coward,22,2026,UNK
LJ Cryer,24,2026,UNK
Mohamed Diawara,20,2026,UNK
Hunter Dickinson,25,2026,UNK
Egor DÑmin,19,2026,UNK
VJ Edgecombe,20,2026,UNK
Noa Essengue,19,2026,UNK
Jeremiah Fears,19,2026,UNK
Cooper Flagg,19,2026,UNK
,,2026,UNK
Rasheer Fleming,21,2026,UNK
Myron Gardner,24,2026,UNK
Vladislav Goldin,24,2026,UNK
Hugo GonzÃ¡lez,19,2026,UNK
Yang Hansen,20,2026,UNK
Dylan Harper,19,2026,UNK
Chucky Hepburn,22,2026,UNK
DaRon Holmes,23,2026,UNK
Kasparas JakuÄionis,19,2026,UNK
Sion James,23,2026,UNK
Tre Johnson,19,2026,UNK
Curtis Jones,24,2026,UNK
Kam Jones,23,2026,UNK
David Jones GarcÃ­a,24,2026,UNK
Ryan Kalkbrenner,24,2026,UNK
Miles Kelly,23,2026,UNK
Kon Knueppel,20,2026,UNK
Yanic Konan NiederhÃ¤user,22,2026,UNK
Chaz Lanier,24,2026,UNK
Caleb Love,24,2026,UNK
,,2026,UNK
Khaman Maluach,19,2026,UNK
Chris MaÃ±on,24,2026,UNK
Alijah Martin,24,2026,UNK
Jahmai Mashack,23,2026,UNK
Liam McNeeley,20,2026,UNK
Collin Murray-Boyles,20,2026,UNK
Ryan Nembhard,22,2026,UNK
Asa Newell,20,2026,UNK
Lachlan Olbrich,22,2026,UNK
Micah Peavy,24,2026,UNK
Noah Penda,21,2026,UNK
Taelon Peter,23,2026,UNK
Drake Powell,20,2026,UNK
Tyrese Proctor,21,2026,UNK
Derik Queen,21,2026,UNK
Maxime Raynaud,22,2026,UNK
Will Richard,23,2026,UNK
Jase Richardson,20,2026,UNK
Will Riley,19,2026,UNK
Hunter Sallis,22,2026,UNK
,,2026,UNK
Kobe Sanders,23,2026,UNK
Ben Saraf,19,2026,UNK
Mark Sears,23,2026,UNK
Javon Small,23,2026,UNK
Jahmyl Telfort,24,2026,UNK
Adou Thiero,21,2026,UNK
Ethan Thompson,26,2026,UNK
Nolan TraorÃ©,19,2026,UNK
Jamir Watkins,24,2026,UNK
Amari Williams,24,2026,UNK
Danny Wolf,21,2026,UNK
Chris Youngblood,23,2026,UNK
